,Burmese,cat,"small, dark brown, cat",700.00,/media/cat-burmese-dark_brown.jpg
,Persion,cat,"docile, black, cat",1400.00,/media/cat-persian-black.jpg
,"Scottish Fold",cat,"playful, light brown, cat",350.00,/media/cat-scottish_fold-light_brown.jpg
,Siamese,cat,"social, white w/ black tips, cat",700.00,/media/cat-siamese-white_black.jpg
,Lion,cat,"large cat w/ mane on neck",2000.00,/media/cat-lion-black-maned.jpg
,Pegasus,horse,"winged mare",80000.00,/media/horse-pegasus-white.jpg
,Unicorn,horse,"beautiful white steed with spiral horn on forehead",50000.00,/media/horse-unicorn-white.jpg